run_date,subscore,horizon_days,n_name_days,n_dates,mean_ic,ci_lo,ci_hi,significant,fav_ic,unf_ic,fav_dates,unf_dates,wf_consistent,wf_signs,verdict,load_ts
2026-07-13 00:00:00+00:00,trend,5,50523,54,0.030597,0.001314,0.067195,True,0.049316,0.010437,28,26,False,-0.016 +0.082 +0.026,benchmark_beta_not_alpha,2026-07-13 00:00:00+00:00
2026-07-13 00:00:00+00:00,rs,5,50523,54,0.009708,-0.015797,0.039065,False,0.036408,-0.019046,28,26,False,-0.020 +0.047 +0.002,needs_more_data,2026-07-13 00:00:00+00:00
2026-07-13 00:00:00+00:00,tradability,5,50523,54,0.00999,-0.007692,0.02133,False,0.015202,0.004377,28,26,False,+0.028 +0.012 -0.010,needs_more_data,2026-07-13 00:00:00+00:00
2026-07-13 00:00:00+00:00,structure_base,5,50523,54,0.013456,-0.020911,0.041573,False,0.044404,-0.019872,28,26,False,+0.018 +0.044 -0.021,needs_more_data,2026-07-13 00:00:00+00:00
2026-07-13 00:00:00+00:00,structure_momentum,5,50523,54,0.02964,0.001881,0.064704,True,0.05195,0.005615,28,26,False,-0.007 +0.078 +0.018,benchmark_beta_not_alpha,2026-07-13 00:00:00+00:00
2026-07-13 00:00:00+00:00,participation_base,5,50523,54,-0.014964,-0.031846,-0.000332,True,-0.003785,-0.027002,28,26,True,-0.031 -0.008 -0.006,do_not_relax,2026-07-13 00:00:00+00:00
2026-07-13 00:00:00+00:00,participation_momentum,5,50523,54,0.000559,-0.01267,0.016382,False,0.015847,-0.015904,28,26,False,-0.014 +0.021 -0.006,needs_more_data,2026-07-13 00:00:00+00:00
2026-07-13 00:00:00+00:00,trend,10,49317,53,0.044773,0.005314,0.088439,True,0.075453,0.012913,27,26,False,-0.004 +0.103 +0.033,benchmark_beta_not_alpha,2026-07-13 00:00:00+00:00
2026-07-13 00:00:00+00:00,rs,10,49317,53,0.013377,-0.02024,0.047793,False,0.054292,-0.029112,27,26,False,-0.017 +0.057 -0.001,needs_more_data,2026-07-13 00:00:00+00:00
2026-07-13 00:00:00+00:00,tradability,10,49317,53,0.006653,-0.017197,0.021203,False,0.009349,0.003853,27,26,False,+0.028 +0.007 -0.014,needs_more_data,2026-07-13 00:00:00+00:00
2026-07-13 00:00:00+00:00,structure_base,10,49317,53,0.016956,-0.024698,0.050503,False,0.05672,-0.024338,27,26,False,+0.027 +0.056 -0.032,needs_more_data,2026-07-13 00:00:00+00:00
2026-07-13 00:00:00+00:00,structure_momentum,10,49317,53,0.038609,0.000339,0.081447,True,0.074374,0.001468,27,26,True,+0.002 +0.093 +0.018,benchmark_beta_not_alpha,2026-07-13 00:00:00+00:00
2026-07-13 00:00:00+00:00,participation_base,10,49317,53,-0.025264,-0.042715,-0.008091,True,-0.022278,-0.028364,27,26,True,-0.042 -0.033 -0.002,do_not_relax,2026-07-13 00:00:00+00:00
2026-07-13 00:00:00+00:00,participation_momentum,10,49317,53,0.002014,-0.013368,0.022157,False,0.021098,-0.017805,27,26,False,-0.016 +0.018 +0.002,needs_more_data,2026-07-13 00:00:00+00:00
2026-07-13 00:00:00+00:00,trend,20,46949,51,0.05539,0.00919,0.105567,True,0.099274,0.013194,25,26,False,-0.001 +0.135 +0.032,benchmark_beta_not_alpha,2026-07-13 00:00:00+00:00
2026-07-13 00:00:00+00:00,rs,20,46949,51,0.02041,-0.020212,0.062726,False,0.071657,-0.028867,25,26,False,-0.019 +0.084 -0.004,needs_more_data,2026-07-13 00:00:00+00:00
2026-07-13 00:00:00+00:00,tradability,20,46949,51,0.002249,-0.023284,0.021565,False,0.001163,0.003294,25,26,False,+0.030 +0.001 -0.025,needs_more_data,2026-07-13 00:00:00+00:00
2026-07-13 00:00:00+00:00,structure_base,20,46949,51,0.020488,-0.031116,0.066051,False,0.073813,-0.030785,25,26,False,+0.039 +0.077 -0.055,needs_more_data,2026-07-13 00:00:00+00:00
2026-07-13 00:00:00+00:00,structure_momentum,20,46949,51,0.047375,0.000526,0.095515,True,0.095605,0.001001,25,26,True,+0.008 +0.122 +0.012,benchmark_beta_not_alpha,2026-07-13 00:00:00+00:00
2026-07-13 00:00:00+00:00,participation_base,20,46949,51,-0.026657,-0.045228,-0.009577,True,-0.029032,-0.024373,25,26,False,-0.042 -0.042 +0.004,do_not_relax,2026-07-13 00:00:00+00:00
2026-07-13 00:00:00+00:00,participation_momentum,20,46949,51,0.003713,-0.013085,0.028446,False,0.021707,-0.013588,25,26,False,-0.019 +0.022 +0.009,needs_more_data,2026-07-13 00:00:00+00:00
