research_run_id,parent_run_id,run_type,entrypoint,label,objective,asof_date,status,config_hash,config_json,validation_protocol_json,data_snapshot_json,result_metrics_json,notes_json,error_text,git_rev,started_ts,completed_ts,updated_ts
12d34575-dc56-4b1a-b62e-4d02989dcee7,,ts_forecast_paper_portfolio,python -m advisory.ts_forecast_paper_portfolio,TS forecast paper portfolio,Evaluate forecast-only paper decisions against naive momentum and current advisory alignment before any policy integration.,,running,28473d75048e5b3981c76c44cd14d3ad7c3b6cf37f7cf800961a4a5314cfaea6,"{""cost_bps"": 25.0, ""from_date"": null, ""min_forecast_return"": 0.0, ""min_probability_positive"": 0.58, ""min_signal_quality"": 0.35, ""model_names"": [""timesfm_2p5_200m""], ""symbols"": [], ""to_date"": null}","{""authority"": ""research_only"", ""comparison"": [""forecast_only"", ""naive_momentum"", ""current_advisory_action_alignment""], ""no_action_queue_write"": true, ""no_broker_execution"": true}",,,,,60f56d5ec7e460df40ac6a7b137f3570a4cbcc2d,2026-07-04 18:04:26.847672+00:00,,2026-07-04 18:04:26.847672+00:00
1e1a8f2e-3493-4456-bfe3-6e865bd8522a,,ts_forecast_paper_portfolio,python -m advisory.ts_forecast_paper_portfolio,TS forecast paper portfolio,Evaluate forecast-only paper decisions against naive momentum and current advisory alignment before any policy integration.,,completed,28473d75048e5b3981c76c44cd14d3ad7c3b6cf37f7cf800961a4a5314cfaea6,"{""cost_bps"": 25.0, ""from_date"": null, ""min_forecast_return"": 0.0, ""min_probability_positive"": 0.58, ""min_signal_quality"": 0.35, ""model_names"": [""timesfm_2p5_200m""], ""symbols"": [], ""to_date"": null}","{""authority"": ""research_only"", ""comparison"": [""forecast_only"", ""naive_momentum"", ""current_advisory_action_alignment""], ""no_action_queue_write"": true, ""no_broker_execution"": true}","{""evaluated_rows"": 407, ""from_date"": null, ""paper_buy_rows"": 31, ""row_count"": 984, ""to_date"": null}","{""evaluated_rows"": 407, ""paper_buy_rows"": 31, ""summary"": [{""aligned_positive_count"": 0, ""avg_cost_adjusted_return"": -0.027289345583314674, ""avg_realized_return_all_rows"": -0.02478934558331467, ""baseline_avg_cost_adjusted_return"": -0.03252986717279127, ""baseline_trade_count"": 4, ""conflict_exit_count"": 1, ""cost_bps"": 25.0, ""evaluated_trades"": 5, ""forecast_horizon_days"": 5, ""median_cost_adjusted_return"": -0.03834655160366146, ""model_name"": ""timesfm_2p5_200m"", ""paper_decision"": ""PAPER_BUY"", ""row_count"": 5, ""win_rate"": 0.2}, {""aligned_positive_count"": 0, ""avg_cost_adjusted_return"": NaN, ""avg_realized_return_all_rows"": -0.005813168235516242, ""baseline_avg_cost_adjusted_return"": -0.009127242772691745, ""baseline_trade_count"": 153, ""conflict_exit_count"": 0, ""cost_bps"": 25.0, ""evaluated_trades"": 0, ""forecast_horizon_days"": 5, ""median_cost_adjusted_return"": NaN, ""model_name"": ""timesfm_2p5_200m"", ""paper_decision"": ""PAPER_SKIP"", ""row_count"": 233, ""win_rate"": NaN}, {""aligned_positive_count"": 0, ""avg_cost_adjusted_return"": 0.017291064045881693, ""avg_realized_return_all_rows"": 0.019791064045881695, ""baseline_avg_cost_adjusted_return"": -0.00041015120066986157, ""baseline_trade_count"": 5, ""conflict_exit_count"": 0, ""cost_bps"": 25.0, ""evaluated_trades"": 6, ""forecast_horizon_days"": 10, ""median_cost_adjusted_return"": 0.00431733933412726, ""model_name"": ""timesfm_2p5_200m"", ""paper_decision"": ""PAPER_BUY"", ""row_count"": 6, ""win_rate"": 0.5}, {""aligned_positive_count"": 0, ""avg_cost_adjusted_return"": NaN, ""avg_realized_return_all_rows"": 0.02820059214671706, ""baseline_avg_cost_adjusted_return"": 0.03186317022547097, ""baseline_trade_count"": 88, ""conflict_exit_count"": 0, ""cost_bps"": 25.0, ""evaluated_trades"": 0, ""forecast_horizon_days"": 10, ""median_cost_adjusted_return"": NaN, ""model_name"": ""timesfm_2p5_200m"", ""paper_decision"": ""PAPER_SKIP"", ""row_count"": 144, ""win_rate"": NaN}, {""aligned_positive_count"": 0, ""avg_cost_adjusted_return"": NaN, ""avg_realized_return_all_rows"": 0.01989392974908154, ""baseline_avg_cost_adjusted_return"": NaN, ""baseline_trade_count"": 0, ""conflict_exit_count"": 0, ""cost_bps"": 25.0, ""evaluated_trades"": 0, ""forecast_horizon_days"": 20, ""median_cost_adjusted_return"": NaN, ""model_name"": ""timesfm_2p5_200m"", ""paper_decision"": ""PAPER_SKIP"", ""row_count"": 19, ""win_rate"": NaN}]}","{""authority"": ""research_only"", ""paper_table"": ""advisory_ts_forecast_paper_portfolio""}",,60f56d5ec7e460df40ac6a7b137f3570a4cbcc2d,2026-07-04 18:09:12.042994+00:00,2026-07-04 18:09:14.848909+00:00,2026-07-04 18:09:14.848909+00:00
d1278914-9c39-4c91-82f5-59d678583d63,,ts_forecast_paper_portfolio,python -m advisory.ts_forecast_paper_portfolio,TS forecast paper portfolio,Evaluate forecast-only paper decisions against naive momentum and current advisory alignment before any policy integration.,,completed,28473d75048e5b3981c76c44cd14d3ad7c3b6cf37f7cf800961a4a5314cfaea6,"{""cost_bps"": 25.0, ""from_date"": null, ""min_forecast_return"": 0.0, ""min_probability_positive"": 0.58, ""min_signal_quality"": 0.35, ""model_names"": [""timesfm_2p5_200m""], ""symbols"": [], ""to_date"": null}","{""authority"": ""research_only"", ""comparison"": [""forecast_only"", ""naive_momentum"", ""current_advisory_action_alignment""], ""no_action_queue_write"": true, ""no_broker_execution"": true}","{""evaluated_rows"": 503, ""from_date"": null, ""paper_buy_rows"": 41, ""row_count"": 1098, ""to_date"": null}","{""evaluated_rows"": 503, ""paper_buy_rows"": 41, ""summary"": [{""aligned_positive_count"": 0, ""avg_cost_adjusted_return"": -0.027289345583314674, ""avg_realized_return_all_rows"": -0.02478934558331467, ""baseline_avg_cost_adjusted_return"": -0.03252986717279127, ""baseline_trade_count"": 4, ""conflict_exit_count"": 1, ""cost_bps"": 25.0, ""evaluated_trades"": 5, ""forecast_horizon_days"": 5, ""median_cost_adjusted_return"": -0.03834655160366146, ""model_name"": ""timesfm_2p5_200m"", ""paper_decision"": ""PAPER_BUY"", ""row_count"": 5, ""win_rate"": 0.2}, {""aligned_positive_count"": 0, ""avg_cost_adjusted_return"": NaN, ""avg_realized_return_all_rows"": -0.0066236924655647105, ""baseline_avg_cost_adjusted_return"": -0.009482923077402545, ""baseline_trade_count"": 155, ""conflict_exit_count"": 0, ""cost_bps"": 25.0, ""evaluated_trades"": 0, ""forecast_horizon_days"": 5, ""median_cost_adjusted_return"": NaN, ""model_name"": ""timesfm_2p5_200m"", ""paper_decision"": ""PAPER_SKIP"", ""row_count"": 239, ""win_rate"": NaN}, {""aligned_positive_count"": 0, ""avg_cost_adjusted_return"": 0.012095223469252046, ""avg_realized_return_all_rows"": 0.014595223469252048, ""baseline_avg_cost_adjusted_return"": -0.003521762665645855, ""baseline_trade_count"": 6, ""conflict_exit_count"": 0, ""cost_bps"": 25.0, ""evaluated_trades"": 7, ""forecast_horizon_days"": 10, ""median_cost_adjusted_return"": -0.007816578057032451, ""model_name"": ""timesfm_2p5_200m"", ""paper_decision"": ""PAPER_BUY"", ""row_count"": 7, ""win_rate"": 0.42857142857142855}, {""aligned_positive_count"": 0, ""avg_cost_adjusted_return"": NaN, ""avg_realized_return_all_rows"": 0.02524707861216068, ""baseline_avg_cost_adjusted_return"": 0.027541473091575803, ""baseline_trade_count"": 124, ""conflict_exit_count"": 0, ""cost_bps"": 25.0, ""evaluated_trades"": 0, ""forecast_horizon_days"": 10, ""median_cost_adjusted_return"": NaN, ""model_name"": ""timesfm_2p5_200m"", ""paper_decision"": ""PAPER_SKIP"", ""row_count"": 195, ""win_rate"": NaN}, {""aligned_positive_count"": 0, ""avg_cost_adjusted_return"": NaN, ""avg_realized_return_all_rows"": 0.03271459708553193, ""baseline_avg_cost_adjusted_return"": 0.039704806470766796, ""baseline_trade_count"": 24, ""conflict_exit_count"": 0, ""cost_bps"": 25.0, ""evaluated_trades"": 0, ""forecast_horizon_days"": 20, ""median_cost_adjusted_return"": NaN, ""model_name"": ""timesfm_2p5_200m"", ""paper_decision"": ""PAPER_SKIP"", ""row_count"": 57, ""win_rate"": NaN}]}","{""authority"": ""research_only"", ""paper_table"": ""advisory_ts_forecast_paper_portfolio""}",,031397426beebcac021df08dc311e929a3bb3d5e,2026-07-06 16:05:02.318601+00:00,2026-07-06 16:05:06.846867+00:00,2026-07-06 16:05:06.846867+00:00
caa7f26a-6420-4e51-b653-ecb4bcabaee5,,ts_forecast_paper_portfolio,python -m advisory.ts_forecast_paper_portfolio,TS forecast paper portfolio,Evaluate forecast-only paper decisions against naive momentum and current advisory alignment before any policy integration.,,completed,28473d75048e5b3981c76c44cd14d3ad7c3b6cf37f7cf800961a4a5314cfaea6,"{""cost_bps"": 25.0, ""from_date"": null, ""min_forecast_return"": 0.0, ""min_probability_positive"": 0.58, ""min_signal_quality"": 0.35, ""model_names"": [""timesfm_2p5_200m""], ""symbols"": [], ""to_date"": null}","{""authority"": ""research_only"", ""comparison"": [""forecast_only"", ""naive_momentum"", ""current_advisory_action_alignment""], ""no_action_queue_write"": true, ""no_broker_execution"": true}","{""evaluated_rows"": 574, ""from_date"": null, ""paper_buy_rows"": 65, ""row_count"": 1347, ""to_date"": null}","{""evaluated_rows"": 574, ""paper_buy_rows"": 65, ""summary"": [{""aligned_positive_count"": 0, ""avg_cost_adjusted_return"": -0.027289345583314674, ""avg_realized_return_all_rows"": -0.02478934558331467, ""baseline_avg_cost_adjusted_return"": -0.03252986717279127, ""baseline_trade_count"": 4, ""conflict_exit_count"": 1, ""cost_bps"": 25.0, ""evaluated_trades"": 5, ""forecast_horizon_days"": 5, ""median_cost_adjusted_return"": -0.03834655160366146, ""model_name"": ""timesfm_2p5_200m"", ""paper_decision"": ""PAPER_BUY"", ""row_count"": 5, ""win_rate"": 0.2}, {""aligned_positive_count"": 0, ""avg_cost_adjusted_return"": NaN, ""avg_realized_return_all_rows"": -0.009994695126153022, ""baseline_avg_cost_adjusted_return"": -0.014680791695987102, ""baseline_trade_count"": 155, ""conflict_exit_count"": 0, ""cost_bps"": 25.0, ""evaluated_trades"": 0, ""forecast_horizon_days"": 5, ""median_cost_adjusted_return"": NaN, ""model_name"": ""timesfm_2p5_200m"", ""paper_decision"": ""PAPER_SKIP"", ""row_count"": 239, ""win_rate"": NaN}, {""aligned_positive_count"": 0, ""avg_cost_adjusted_return"": 0.012095223469252046, ""avg_realized_return_all_rows"": 0.014595223469252048, ""baseline_avg_cost_adjusted_return"": -0.003521762665645855, ""baseline_trade_count"": 6, ""conflict_exit_count"": 0, ""cost_bps"": 25.0, ""evaluated_trades"": 7, ""forecast_horizon_days"": 10, ""median_cost_adjusted_return"": -0.007816578057032451, ""model_name"": ""timesfm_2p5_200m"", ""paper_decision"": ""PAPER_BUY"", ""row_count"": 7, ""win_rate"": 0.42857142857142855}, {""aligned_positive_count"": 0, ""avg_cost_adjusted_return"": NaN, ""avg_realized_return_all_rows"": 0.012505358057764275, ""baseline_avg_cost_adjusted_return"": 0.00698095388883975, ""baseline_trade_count"": 150, ""conflict_exit_count"": 0, ""cost_bps"": 25.0, ""evaluated_trades"": 0, ""forecast_horizon_days"": 10, ""median_cost_adjusted_return"": NaN, ""model_name"": ""timesfm_2p5_200m"", ""paper_decision"": ""PAPER_SKIP"", ""row_count"": 229, ""win_rate"": NaN}, {""aligned_positive_count"": 0, ""avg_cost_adjusted_return"": NaN, ""avg_realized_return_all_rows"": 0.025622734743489285, ""baseline_avg_cost_adjusted_return"": 0.020644989551379896, ""baseline_trade_count"": 50, ""conflict_exit_count"": 0, ""cost_bps"": 25.0, ""evaluated_trades"": 0, ""forecast_horizon_days"": 20, ""median_cost_adjusted_return"": NaN, ""model_name"": ""timesfm_2p5_200m"", ""paper_decision"": ""PAPER_SKIP"", ""row_count"": 94, ""win_rate"": NaN}]}","{""authority"": ""research_only"", ""paper_table"": ""advisory_ts_forecast_paper_portfolio""}",,5f764f2212b458446d99abec50916b47d6be2a1d,2026-07-09 16:05:01.645946+00:00,2026-07-09 16:05:05.181536+00:00,2026-07-09 16:05:05.181536+00:00
d0bfb4c4-97dd-4cc4-b4aa-d6cc99edd53f,,ts_forecast_paper_portfolio,python -m advisory.ts_forecast_paper_portfolio,TS forecast paper portfolio,Evaluate forecast-only paper decisions against naive momentum and current advisory alignment before any policy integration.,,completed,28473d75048e5b3981c76c44cd14d3ad7c3b6cf37f7cf800961a4a5314cfaea6,"{""cost_bps"": 25.0, ""from_date"": null, ""min_forecast_return"": 0.0, ""min_probability_positive"": 0.58, ""min_signal_quality"": 0.35, ""model_names"": [""timesfm_2p5_200m""], ""symbols"": [], ""to_date"": null}","{""authority"": ""research_only"", ""comparison"": [""forecast_only"", ""naive_momentum"", ""current_advisory_action_alignment""], ""no_action_queue_write"": true, ""no_broker_execution"": true}","{""evaluated_rows"": 574, ""from_date"": null, ""paper_buy_rows"": 65, ""row_count"": 1347, ""to_date"": null}","{""evaluated_rows"": 574, ""paper_buy_rows"": 65, ""summary"": [{""aligned_positive_count"": 0, ""avg_cost_adjusted_return"": -0.027289345583314674, ""avg_realized_return_all_rows"": -0.02478934558331467, ""baseline_avg_cost_adjusted_return"": -0.03252986717279127, ""baseline_trade_count"": 4, ""conflict_exit_count"": 1, ""cost_bps"": 25.0, ""evaluated_trades"": 5, ""forecast_horizon_days"": 5, ""median_cost_adjusted_return"": -0.03834655160366146, ""model_name"": ""timesfm_2p5_200m"", ""paper_decision"": ""PAPER_BUY"", ""row_count"": 5, ""win_rate"": 0.2}, {""aligned_positive_count"": 0, ""avg_cost_adjusted_return"": NaN, ""avg_realized_return_all_rows"": -0.009994695126153022, ""baseline_avg_cost_adjusted_return"": -0.014680791695987102, ""baseline_trade_count"": 155, ""conflict_exit_count"": 0, ""cost_bps"": 25.0, ""evaluated_trades"": 0, ""forecast_horizon_days"": 5, ""median_cost_adjusted_return"": NaN, ""model_name"": ""timesfm_2p5_200m"", ""paper_decision"": ""PAPER_SKIP"", ""row_count"": 239, ""win_rate"": NaN}, {""aligned_positive_count"": 0, ""avg_cost_adjusted_return"": 0.012095223469252046, ""avg_realized_return_all_rows"": 0.014595223469252048, ""baseline_avg_cost_adjusted_return"": -0.003521762665645855, ""baseline_trade_count"": 6, ""conflict_exit_count"": 0, ""cost_bps"": 25.0, ""evaluated_trades"": 7, ""forecast_horizon_days"": 10, ""median_cost_adjusted_return"": -0.007816578057032451, ""model_name"": ""timesfm_2p5_200m"", ""paper_decision"": ""PAPER_BUY"", ""row_count"": 7, ""win_rate"": 0.42857142857142855}, {""aligned_positive_count"": 0, ""avg_cost_adjusted_return"": NaN, ""avg_realized_return_all_rows"": 0.012505358057764275, ""baseline_avg_cost_adjusted_return"": 0.00698095388883975, ""baseline_trade_count"": 150, ""conflict_exit_count"": 0, ""cost_bps"": 25.0, ""evaluated_trades"": 0, ""forecast_horizon_days"": 10, ""median_cost_adjusted_return"": NaN, ""model_name"": ""timesfm_2p5_200m"", ""paper_decision"": ""PAPER_SKIP"", ""row_count"": 229, ""win_rate"": NaN}, {""aligned_positive_count"": 0, ""avg_cost_adjusted_return"": NaN, ""avg_realized_return_all_rows"": 0.025622734743489285, ""baseline_avg_cost_adjusted_return"": 0.020644989551379896, ""baseline_trade_count"": 50, ""conflict_exit_count"": 0, ""cost_bps"": 25.0, ""evaluated_trades"": 0, ""forecast_horizon_days"": 20, ""median_cost_adjusted_return"": NaN, ""model_name"": ""timesfm_2p5_200m"", ""paper_decision"": ""PAPER_SKIP"", ""row_count"": 94, ""win_rate"": NaN}]}","{""authority"": ""research_only"", ""paper_table"": ""advisory_ts_forecast_paper_portfolio""}",,5f764f2212b458446d99abec50916b47d6be2a1d,2026-07-09 16:05:01.659902+00:00,2026-07-09 16:05:05.297632+00:00,2026-07-09 16:05:05.297632+00:00
b1fc2e70-a88f-4f87-b1c0-970c9551b1f1,,ts_forecast_paper_portfolio,python -m advisory.ts_forecast_paper_portfolio,TS forecast paper portfolio,Evaluate forecast-only paper decisions against naive momentum and current advisory alignment before any policy integration.,,completed,28473d75048e5b3981c76c44cd14d3ad7c3b6cf37f7cf800961a4a5314cfaea6,"{""cost_bps"": 25.0, ""from_date"": null, ""min_forecast_return"": 0.0, ""min_probability_positive"": 0.58, ""min_signal_quality"": 0.35, ""model_names"": [""timesfm_2p5_200m""], ""symbols"": [], ""to_date"": null}","{""authority"": ""research_only"", ""comparison"": [""forecast_only"", ""naive_momentum"", ""current_advisory_action_alignment""], ""no_action_queue_write"": true, ""no_broker_execution"": true}","{""evaluated_rows"": 616, ""from_date"": null, ""paper_buy_rows"": 75, ""row_count"": 1464, ""to_date"": null}","{""evaluated_rows"": 616, ""paper_buy_rows"": 75, ""summary"": [{""aligned_positive_count"": 0, ""avg_cost_adjusted_return"": -0.012301018957834016, ""avg_realized_return_all_rows"": -0.009801018957834013, ""baseline_avg_cost_adjusted_return"": -0.013296645579904972, ""baseline_trade_count"": 6, ""conflict_exit_count"": 1, ""cost_bps"": 25.0, ""evaluated_trades"": 7, ""forecast_horizon_days"": 5, ""median_cost_adjusted_return"": -0.006327259225408275, ""model_name"": ""timesfm_2p5_200m"", ""paper_decision"": ""PAPER_BUY"", ""row_count"": 7, ""win_rate"": 0.2857142857142857}, {""aligned_positive_count"": 0, ""avg_cost_adjusted_return"": NaN, ""avg_realized_return_all_rows"": -0.01011226688762193, ""baseline_avg_cost_adjusted_return"": -0.01461851165554911, ""baseline_trade_count"": 185, ""conflict_exit_count"": 0, ""cost_bps"": 25.0, ""evaluated_trades"": 0, ""forecast_horizon_days"": 5, ""median_cost_adjusted_return"": NaN, ""model_name"": ""timesfm_2p5_200m"", ""paper_decision"": ""PAPER_SKIP"", ""row_count"": 272, ""win_rate"": NaN}, {""aligned_positive_count"": 0, ""avg_cost_adjusted_return"": 0.012095223469252046, ""avg_realized_return_all_rows"": 0.014595223469252048, ""baseline_avg_cost_adjusted_return"": -0.003521762665645855, ""baseline_trade_count"": 6, ""conflict_exit_count"": 0, ""cost_bps"": 25.0, ""evaluated_trades"": 7, ""forecast_horizon_days"": 10, ""median_cost_adjusted_return"": -0.007816578057032451, ""model_name"": ""timesfm_2p5_200m"", ""paper_decision"": ""PAPER_BUY"", ""row_count"": 7, ""win_rate"": 0.42857142857142855}, {""aligned_positive_count"": 0, ""avg_cost_adjusted_return"": NaN, ""avg_realized_return_all_rows"": 0.012242781342940703, ""baseline_avg_cost_adjusted_return"": 0.0070445726341577105, ""baseline_trade_count"": 151, ""conflict_exit_count"": 0, ""cost_bps"": 25.0, ""evaluated_trades"": 0, ""forecast_horizon_days"": 10, ""median_cost_adjusted_return"": NaN, ""model_name"": ""timesfm_2p5_200m"", ""paper_decision"": ""PAPER_SKIP"", ""row_count"": 233, ""win_rate"": NaN}, {""aligned_positive_count"": 0, ""avg_cost_adjusted_return"": NaN, ""avg_realized_return_all_rows"": 0.025060402685384592, ""baseline_avg_cost_adjusted_return"": 0.020644989551379896, ""baseline_trade_count"": 50, ""conflict_exit_count"": 0, ""cost_bps"": 25.0, ""evaluated_trades"": 0, ""forecast_horizon_days"": 20, ""median_cost_adjusted_return"": NaN, ""model_name"": ""timesfm_2p5_200m"", ""paper_decision"": ""PAPER_SKIP"", ""row_count"": 97, ""win_rate"": NaN}]}","{""authority"": ""research_only"", ""paper_table"": ""advisory_ts_forecast_paper_portfolio""}",,b436f6c5518a83f01412ef1f38ef16f16ebae9bf,2026-07-10 16:05:01.699351+00:00,2026-07-10 16:05:05.200784+00:00,2026-07-10 16:05:05.200784+00:00
6afdbb7c-a12b-4155-940b-5cd2572e1ffc,,ts_forecast_paper_portfolio,python -m advisory.ts_forecast_paper_portfolio,TS forecast paper portfolio,Evaluate forecast-only paper decisions against naive momentum and current advisory alignment before any policy integration.,,completed,28473d75048e5b3981c76c44cd14d3ad7c3b6cf37f7cf800961a4a5314cfaea6,"{""cost_bps"": 25.0, ""from_date"": null, ""min_forecast_return"": 0.0, ""min_probability_positive"": 0.58, ""min_signal_quality"": 0.35, ""model_names"": [""timesfm_2p5_200m""], ""symbols"": [], ""to_date"": null}","{""authority"": ""research_only"", ""comparison"": [""forecast_only"", ""naive_momentum"", ""current_advisory_action_alignment""], ""no_action_queue_write"": true, ""no_broker_execution"": true}","{""evaluated_rows"": 617, ""from_date"": null, ""paper_buy_rows"": 83, ""row_count"": 1587, ""to_date"": null}","{""evaluated_rows"": 617, ""paper_buy_rows"": 83, ""summary"": [{""aligned_positive_count"": 0, ""avg_cost_adjusted_return"": -0.012301018957834016, ""avg_realized_return_all_rows"": -0.009801018957834013, ""baseline_avg_cost_adjusted_return"": -0.013296645579904972, ""baseline_trade_count"": 6, ""conflict_exit_count"": 1, ""cost_bps"": 25.0, ""evaluated_trades"": 7, ""forecast_horizon_days"": 5, ""median_cost_adjusted_return"": -0.006327259225408275, ""model_name"": ""timesfm_2p5_200m"", ""paper_decision"": ""PAPER_BUY"", ""row_count"": 7, ""win_rate"": 0.2857142857142857}, {""aligned_positive_count"": 0, ""avg_cost_adjusted_return"": NaN, ""avg_realized_return_all_rows"": -0.010159228152896917, ""baseline_avg_cost_adjusted_return"": -0.01461851165554911, ""baseline_trade_count"": 185, ""conflict_exit_count"": 0, ""cost_bps"": 25.0, ""evaluated_trades"": 0, ""forecast_horizon_days"": 5, ""median_cost_adjusted_return"": NaN, ""model_name"": ""timesfm_2p5_200m"", ""paper_decision"": ""PAPER_SKIP"", ""row_count"": 273, ""win_rate"": NaN}, {""aligned_positive_count"": 0, ""avg_cost_adjusted_return"": 0.012095223469252046, ""avg_realized_return_all_rows"": 0.014595223469252048, ""baseline_avg_cost_adjusted_return"": -0.003521762665645855, ""baseline_trade_count"": 6, ""conflict_exit_count"": 0, ""cost_bps"": 25.0, ""evaluated_trades"": 7, ""forecast_horizon_days"": 10, ""median_cost_adjusted_return"": -0.007816578057032451, ""model_name"": ""timesfm_2p5_200m"", ""paper_decision"": ""PAPER_BUY"", ""row_count"": 7, ""win_rate"": 0.42857142857142855}, {""aligned_positive_count"": 0, ""avg_cost_adjusted_return"": NaN, ""avg_realized_return_all_rows"": 0.012242781342940703, ""baseline_avg_cost_adjusted_return"": 0.0070445726341577105, ""baseline_trade_count"": 151, ""conflict_exit_count"": 0, ""cost_bps"": 25.0, ""evaluated_trades"": 0, ""forecast_horizon_days"": 10, ""median_cost_adjusted_return"": NaN, ""model_name"": ""timesfm_2p5_200m"", ""paper_decision"": ""PAPER_SKIP"", ""row_count"": 233, ""win_rate"": NaN}, {""aligned_positive_count"": 0, ""avg_cost_adjusted_return"": NaN, ""avg_realized_return_all_rows"": 0.025060402685384592, ""baseline_avg_cost_adjusted_return"": 0.020644989551379896, ""baseline_trade_count"": 50, ""conflict_exit_count"": 0, ""cost_bps"": 25.0, ""evaluated_trades"": 0, ""forecast_horizon_days"": 20, ""median_cost_adjusted_return"": NaN, ""model_name"": ""timesfm_2p5_200m"", ""paper_decision"": ""PAPER_SKIP"", ""row_count"": 97, ""win_rate"": NaN}]}","{""authority"": ""research_only"", ""paper_table"": ""advisory_ts_forecast_paper_portfolio""}",,beb994d8cc5110af107000fca025d39978f0931f,2026-07-13 16:05:03.906859+00:00,2026-07-13 16:05:13.379512+00:00,2026-07-13 16:05:13.379512+00:00
0ac136da-5aca-4e83-915e-eb231df2a587,,ts_forecast_paper_portfolio,python -m advisory.ts_forecast_paper_portfolio,TS forecast paper portfolio,Evaluate forecast-only paper decisions against naive momentum and current advisory alignment before any policy integration.,,completed,28473d75048e5b3981c76c44cd14d3ad7c3b6cf37f7cf800961a4a5314cfaea6,"{""cost_bps"": 25.0, ""from_date"": null, ""min_forecast_return"": 0.0, ""min_probability_positive"": 0.58, ""min_signal_quality"": 0.35, ""model_names"": [""timesfm_2p5_200m""], ""symbols"": [], ""to_date"": null}","{""authority"": ""research_only"", ""comparison"": [""forecast_only"", ""naive_momentum"", ""current_advisory_action_alignment""], ""no_action_queue_write"": true, ""no_broker_execution"": true}","{""evaluated_rows"": 692, ""from_date"": null, ""paper_buy_rows"": 87, ""row_count"": 1719, ""to_date"": null}","{""evaluated_rows"": 692, ""paper_buy_rows"": 87, ""summary"": [{""aligned_positive_count"": 0, ""avg_cost_adjusted_return"": -0.025741094383302677, ""avg_realized_return_all_rows"": -0.023241094383302675, ""baseline_avg_cost_adjusted_return"": -0.027682477899092117, ""baseline_trade_count"": 10, ""conflict_exit_count"": 1, ""cost_bps"": 25.0, ""evaluated_trades"": 11, ""forecast_horizon_days"": 5, ""median_cost_adjusted_return"": -0.023162087602747457, ""model_name"": ""timesfm_2p5_200m"", ""paper_decision"": ""PAPER_BUY"", ""row_count"": 11, ""win_rate"": 0.18181818181818182}, {""aligned_positive_count"": 0, ""avg_cost_adjusted_return"": NaN, ""avg_realized_return_all_rows"": -0.008113568682006127, ""baseline_avg_cost_adjusted_return"": -0.011272024623191218, ""baseline_trade_count"": 249, ""conflict_exit_count"": 0, ""cost_bps"": 25.0, ""evaluated_trades"": 0, ""forecast_horizon_days"": 5, ""median_cost_adjusted_return"": NaN, ""model_name"": ""timesfm_2p5_200m"", ""paper_decision"": ""PAPER_SKIP"", ""row_count"": 344, ""win_rate"": NaN}, {""aligned_positive_count"": 0, ""avg_cost_adjusted_return"": 0.012095223469252046, ""avg_realized_return_all_rows"": 0.014595223469252048, ""baseline_avg_cost_adjusted_return"": -0.003521762665645855, ""baseline_trade_count"": 6, ""conflict_exit_count"": 0, ""cost_bps"": 25.0, ""evaluated_trades"": 7, ""forecast_horizon_days"": 10, ""median_cost_adjusted_return"": -0.007816578057032451, ""model_name"": ""timesfm_2p5_200m"", ""paper_decision"": ""PAPER_BUY"", ""row_count"": 7, ""win_rate"": 0.42857142857142855}, {""aligned_positive_count"": 0, ""avg_cost_adjusted_return"": NaN, ""avg_realized_return_all_rows"": 0.012242781342940703, ""baseline_avg_cost_adjusted_return"": 0.0070445726341577105, ""baseline_trade_count"": 151, ""conflict_exit_count"": 0, ""cost_bps"": 25.0, ""evaluated_trades"": 0, ""forecast_horizon_days"": 10, ""median_cost_adjusted_return"": NaN, ""model_name"": ""timesfm_2p5_200m"", ""paper_decision"": ""PAPER_SKIP"", ""row_count"": 233, ""win_rate"": NaN}, {""aligned_positive_count"": 0, ""avg_cost_adjusted_return"": NaN, ""avg_realized_return_all_rows"": 0.025060402685384592, ""baseline_avg_cost_adjusted_return"": 0.020644989551379896, ""baseline_trade_count"": 50, ""conflict_exit_count"": 0, ""cost_bps"": 25.0, ""evaluated_trades"": 0, ""forecast_horizon_days"": 20, ""median_cost_adjusted_return"": NaN, ""model_name"": ""timesfm_2p5_200m"", ""paper_decision"": ""PAPER_SKIP"", ""row_count"": 97, ""win_rate"": NaN}]}","{""authority"": ""research_only"", ""paper_table"": ""advisory_ts_forecast_paper_portfolio""}",,3bdde839bff8d11bada22c7ab72260a2fb907f66,2026-07-14 16:05:01.652801+00:00,2026-07-14 16:05:05.266872+00:00,2026-07-14 16:05:05.266872+00:00
e617169c-d568-4b2b-9f94-d23e1eec547d,,ts_forecast_paper_portfolio,python -m advisory.ts_forecast_paper_portfolio,TS forecast paper portfolio,Evaluate forecast-only paper decisions against naive momentum and current advisory alignment before any policy integration.,,completed,28473d75048e5b3981c76c44cd14d3ad7c3b6cf37f7cf800961a4a5314cfaea6,"{""cost_bps"": 25.0, ""from_date"": null, ""min_forecast_return"": 0.0, ""min_probability_positive"": 0.58, ""min_signal_quality"": 0.35, ""model_names"": [""timesfm_2p5_200m""], ""symbols"": [], ""to_date"": null}","{""authority"": ""research_only"", ""comparison"": [""forecast_only"", ""naive_momentum"", ""current_advisory_action_alignment""], ""no_action_queue_write"": true, ""no_broker_execution"": true}","{""evaluated_rows"": 733, ""from_date"": null, ""paper_buy_rows"": 91, ""row_count"": 1833, ""to_date"": null}","{""evaluated_rows"": 733, ""paper_buy_rows"": 91, ""summary"": [{""aligned_positive_count"": 0, ""avg_cost_adjusted_return"": -0.02248207734634862, ""avg_realized_return_all_rows"": -0.019982077346348617, ""baseline_avg_cost_adjusted_return"": -0.02569480513870086, ""baseline_trade_count"": 12, ""conflict_exit_count"": 1, ""cost_bps"": 25.0, ""evaluated_trades"": 15, ""forecast_horizon_days"": 5, ""median_cost_adjusted_return"": -0.023162087602747457, ""model_name"": ""timesfm_2p5_200m"", ""paper_decision"": ""PAPER_BUY"", ""row_count"": 15, ""win_rate"": 0.26666666666666666}, {""aligned_positive_count"": 0, ""avg_cost_adjusted_return"": NaN, ""avg_realized_return_all_rows"": -0.007352472218275421, ""baseline_avg_cost_adjusted_return"": -0.010309415852027213, ""baseline_trade_count"": 283, ""conflict_exit_count"": 0, ""cost_bps"": 25.0, ""evaluated_trades"": 0, ""forecast_horizon_days"": 5, ""median_cost_adjusted_return"": NaN, ""model_name"": ""timesfm_2p5_200m"", ""paper_decision"": ""PAPER_SKIP"", ""row_count"": 381, ""win_rate"": NaN}, {""aligned_positive_count"": 0, ""avg_cost_adjusted_return"": 0.012095223469252046, ""avg_realized_return_all_rows"": 0.014595223469252048, ""baseline_avg_cost_adjusted_return"": -0.003521762665645855, ""baseline_trade_count"": 6, ""conflict_exit_count"": 0, ""cost_bps"": 25.0, ""evaluated_trades"": 7, ""forecast_horizon_days"": 10, ""median_cost_adjusted_return"": -0.007816578057032451, ""model_name"": ""timesfm_2p5_200m"", ""paper_decision"": ""PAPER_BUY"", ""row_count"": 7, ""win_rate"": 0.42857142857142855}, {""aligned_positive_count"": 0, ""avg_cost_adjusted_return"": NaN, ""avg_realized_return_all_rows"": 0.012242781342940703, ""baseline_avg_cost_adjusted_return"": 0.0070445726341577105, ""baseline_trade_count"": 151, ""conflict_exit_count"": 0, ""cost_bps"": 25.0, ""evaluated_trades"": 0, ""forecast_horizon_days"": 10, ""median_cost_adjusted_return"": NaN, ""model_name"": ""timesfm_2p5_200m"", ""paper_decision"": ""PAPER_SKIP"", ""row_count"": 233, ""win_rate"": NaN}, {""aligned_positive_count"": 0, ""avg_cost_adjusted_return"": NaN, ""avg_realized_return_all_rows"": 0.025060402685384592, ""baseline_avg_cost_adjusted_return"": 0.020644989551379896, ""baseline_trade_count"": 50, ""conflict_exit_count"": 0, ""cost_bps"": 25.0, ""evaluated_trades"": 0, ""forecast_horizon_days"": 20, ""median_cost_adjusted_return"": NaN, ""model_name"": ""timesfm_2p5_200m"", ""paper_decision"": ""PAPER_SKIP"", ""row_count"": 97, ""win_rate"": NaN}]}","{""authority"": ""research_only"", ""paper_table"": ""advisory_ts_forecast_paper_portfolio""}",,d684cde73e90b2ebd8056d6a360badb66d0424ee,2026-07-15 16:05:01.670204+00:00,2026-07-15 16:05:05.270028+00:00,2026-07-15 16:05:05.270028+00:00
bf01ee2f-9dd6-45de-a0c5-397f24dcc910,,ts_forecast_paper_portfolio,python -m advisory.ts_forecast_paper_portfolio,TS forecast paper portfolio,Evaluate forecast-only paper decisions against naive momentum and current advisory alignment before any policy integration.,,completed,28473d75048e5b3981c76c44cd14d3ad7c3b6cf37f7cf800961a4a5314cfaea6,"{""cost_bps"": 25.0, ""from_date"": null, ""min_forecast_return"": 0.0, ""min_probability_positive"": 0.58, ""min_signal_quality"": 0.35, ""model_names"": [""timesfm_2p5_200m""], ""symbols"": [], ""to_date"": null}","{""authority"": ""research_only"", ""comparison"": [""forecast_only"", ""naive_momentum"", ""current_advisory_action_alignment""], ""no_action_queue_write"": true, ""no_broker_execution"": true}","{""evaluated_rows"": 784, ""from_date"": null, ""paper_buy_rows"": 100, ""row_count"": 1956, ""to_date"": null}","{""evaluated_rows"": 784, ""paper_buy_rows"": 100, ""summary"": [{""aligned_positive_count"": 0, ""avg_cost_adjusted_return"": -0.02248207734634862, ""avg_realized_return_all_rows"": -0.019982077346348617, ""baseline_avg_cost_adjusted_return"": -0.02569480513870086, ""baseline_trade_count"": 12, ""conflict_exit_count"": 1, ""cost_bps"": 25.0, ""evaluated_trades"": 15, ""forecast_horizon_days"": 5, ""median_cost_adjusted_return"": -0.023162087602747457, ""model_name"": ""timesfm_2p5_200m"", ""paper_decision"": ""PAPER_BUY"", ""row_count"": 15, ""win_rate"": 0.26666666666666666}, {""aligned_positive_count"": 0, ""avg_cost_adjusted_return"": NaN, ""avg_realized_return_all_rows"": -0.008311485051868454, ""baseline_avg_cost_adjusted_return"": -0.011387573175946094, ""baseline_trade_count"": 288, ""conflict_exit_count"": 0, ""cost_bps"": 25.0, ""evaluated_trades"": 0, ""forecast_horizon_days"": 5, ""median_cost_adjusted_return"": NaN, ""model_name"": ""timesfm_2p5_200m"", ""paper_decision"": ""PAPER_SKIP"", ""row_count"": 388, ""win_rate"": NaN}, {""aligned_positive_count"": 0, ""avg_cost_adjusted_return"": 0.012095223469252046, ""avg_realized_return_all_rows"": 0.014595223469252048, ""baseline_avg_cost_adjusted_return"": -0.003521762665645855, ""baseline_trade_count"": 6, ""conflict_exit_count"": 0, ""cost_bps"": 25.0, ""evaluated_trades"": 7, ""forecast_horizon_days"": 10, ""median_cost_adjusted_return"": -0.007816578057032451, ""model_name"": ""timesfm_2p5_200m"", ""paper_decision"": ""PAPER_BUY"", ""row_count"": 7, ""win_rate"": 0.42857142857142855}, {""aligned_positive_count"": 0, ""avg_cost_adjusted_return"": NaN, ""avg_realized_return_all_rows"": 0.010027155531975808, ""baseline_avg_cost_adjusted_return"": 0.005180814423621736, ""baseline_trade_count"": 154, ""conflict_exit_count"": 0, ""cost_bps"": 25.0, ""evaluated_trades"": 0, ""forecast_horizon_days"": 10, ""median_cost_adjusted_return"": NaN, ""model_name"": ""timesfm_2p5_200m"", ""paper_decision"": ""PAPER_SKIP"", ""row_count"": 239, ""win_rate"": NaN}, {""aligned_positive_count"": 0, ""avg_cost_adjusted_return"": 0.17173430537537365, ""avg_realized_return_all_rows"": 0.17423430537537365, ""baseline_avg_cost_adjusted_return"": NaN, ""baseline_trade_count"": 0, ""conflict_exit_count"": 0, ""cost_bps"": 25.0, ""evaluated_trades"": 1, ""forecast_horizon_days"": 20, ""median_cost_adjusted_return"": 0.17173430537537365, ""model_name"": ""timesfm_2p5_200m"", ""paper_decision"": ""PAPER_BUY"", ""row_count"": 1, ""win_rate"": 1.0}, {""aligned_positive_count"": 0, ""avg_cost_adjusted_return"": NaN, ""avg_realized_return_all_rows"": 0.015320479406953993, ""baseline_avg_cost_adjusted_return"": 0.011530569329701056, ""baseline_trade_count"": 76, ""conflict_exit_count"": 0, ""cost_bps"": 25.0, ""evaluated_trades"": 0, ""forecast_horizon_days"": 20, ""median_cost_adjusted_return"": NaN, ""model_name"": ""timesfm_2p5_200m"", ""paper_decision"": ""PAPER_SKIP"", ""row_count"": 134, ""win_rate"": NaN}]}","{""authority"": ""research_only"", ""paper_table"": ""advisory_ts_forecast_paper_portfolio""}",,d684cde73e90b2ebd8056d6a360badb66d0424ee,2026-07-16 16:05:01.692964+00:00,2026-07-16 16:05:05.451124+00:00,2026-07-16 16:05:05.451124+00:00
6a1b5b13-465f-4fe6-8e8d-51de4866a7f5,,ts_forecast_paper_portfolio,python -m advisory.ts_forecast_paper_portfolio,TS forecast paper portfolio,Evaluate forecast-only paper decisions against naive momentum and current advisory alignment before any policy integration.,,completed,28473d75048e5b3981c76c44cd14d3ad7c3b6cf37f7cf800961a4a5314cfaea6,"{""cost_bps"": 25.0, ""from_date"": null, ""min_forecast_return"": 0.0, ""min_probability_positive"": 0.58, ""min_signal_quality"": 0.35, ""model_names"": [""timesfm_2p5_200m""], ""symbols"": [], ""to_date"": null}","{""authority"": ""research_only"", ""comparison"": [""forecast_only"", ""naive_momentum"", ""current_advisory_action_alignment""], ""no_action_queue_write"": true, ""no_broker_execution"": true}","{""evaluated_rows"": 889, ""from_date"": null, ""paper_buy_rows"": 114, ""row_count"": 2085, ""to_date"": null}","{""evaluated_rows"": 889, ""paper_buy_rows"": 114, ""summary"": [{""aligned_positive_count"": 0, ""avg_cost_adjusted_return"": -0.022409807731811365, ""avg_realized_return_all_rows"": -0.019909807731811363, ""baseline_avg_cost_adjusted_return"": -0.025644019741796347, ""baseline_trade_count"": 13, ""conflict_exit_count"": 1, ""cost_bps"": 25.0, ""evaluated_trades"": 17, ""forecast_horizon_days"": 5, ""median_cost_adjusted_return"": -0.023162087602747457, ""model_name"": ""timesfm_2p5_200m"", ""paper_decision"": ""PAPER_BUY"", ""row_count"": 17, ""win_rate"": 0.23529411764705882}, {""aligned_positive_count"": 0, ""avg_cost_adjusted_return"": NaN, ""avg_realized_return_all_rows"": -0.0076344331699010415, ""baseline_avg_cost_adjusted_return"": -0.01106596977451096, ""baseline_trade_count"": 316, ""conflict_exit_count"": 0, ""cost_bps"": 25.0, ""evaluated_trades"": 0, ""forecast_horizon_days"": 5, ""median_cost_adjusted_return"": NaN, ""model_name"": ""timesfm_2p5_200m"", ""paper_decision"": ""PAPER_SKIP"", ""row_count"": 425, ""win_rate"": NaN}, {""aligned_positive_count"": 0, ""avg_cost_adjusted_return"": 0.010557815137981543, ""avg_realized_return_all_rows"": 0.013057815137981543, ""baseline_avg_cost_adjusted_return"": -0.0013471005046006967, ""baseline_trade_count"": 8, ""conflict_exit_count"": 0, ""cost_bps"": 25.0, ""evaluated_trades"": 9, ""forecast_horizon_days"": 10, ""median_cost_adjusted_return"": -0.007816578057032451, ""model_name"": ""timesfm_2p5_200m"", ""paper_decision"": ""PAPER_BUY"", ""row_count"": 9, ""win_rate"": 0.4444444444444444}, {""aligned_positive_count"": 0, ""avg_cost_adjusted_return"": NaN, ""avg_realized_return_all_rows"": 0.006443170134270979, ""baseline_avg_cost_adjusted_return"": 0.0007426635339270899, ""baseline_trade_count"": 182, ""conflict_exit_count"": 0, ""cost_bps"": 25.0, ""evaluated_trades"": 0, ""forecast_horizon_days"": 10, ""median_cost_adjusted_return"": NaN, ""model_name"": ""timesfm_2p5_200m"", ""paper_decision"": ""PAPER_SKIP"", ""row_count"": 270, ""win_rate"": NaN}, {""aligned_positive_count"": 0, ""avg_cost_adjusted_return"": 0.06395882935492497, ""avg_realized_return_all_rows"": 0.06645882935492498, ""baseline_avg_cost_adjusted_return"": -0.043816646665523706, ""baseline_trade_count"": 1, ""conflict_exit_count"": 0, ""cost_bps"": 25.0, ""evaluated_trades"": 2, ""forecast_horizon_days"": 20, ""median_cost_adjusted_return"": 0.06395882935492497, ""model_name"": ""timesfm_2p5_200m"", ""paper_decision"": ""PAPER_BUY"", ""row_count"": 2, ""win_rate"": 0.5}, {""aligned_positive_count"": 0, ""avg_cost_adjusted_return"": NaN, ""avg_realized_return_all_rows"": 0.014471425015170621, ""baseline_avg_cost_adjusted_return"": 0.008552967016406196, ""baseline_trade_count"": 101, ""conflict_exit_count"": 0, ""cost_bps"": 25.0, ""evaluated_trades"": 0, ""forecast_horizon_days"": 20, ""median_cost_adjusted_return"": NaN, ""model_name"": ""timesfm_2p5_200m"", ""paper_decision"": ""PAPER_SKIP"", ""row_count"": 166, ""win_rate"": NaN}]}","{""authority"": ""research_only"", ""paper_table"": ""advisory_ts_forecast_paper_portfolio""}",,38db2fc5e36b480d4c9b29b4800cfa152379eaab,2026-07-17 16:05:01.673218+00:00,2026-07-17 16:05:05.506166+00:00,2026-07-17 16:05:05.506166+00:00
8259fc68-b618-4b41-92f5-a176454b661f,,ts_forecast_paper_portfolio,python -m advisory.ts_forecast_paper_portfolio,TS forecast paper portfolio,Evaluate forecast-only paper decisions against naive momentum and current advisory alignment before any policy integration.,,completed,28473d75048e5b3981c76c44cd14d3ad7c3b6cf37f7cf800961a4a5314cfaea6,"{""cost_bps"": 25.0, ""from_date"": null, ""min_forecast_return"": 0.0, ""min_probability_positive"": 0.58, ""min_signal_quality"": 0.35, ""model_names"": [""timesfm_2p5_200m""], ""symbols"": [], ""to_date"": null}","{""authority"": ""research_only"", ""comparison"": [""forecast_only"", ""naive_momentum"", ""current_advisory_action_alignment""], ""no_action_queue_write"": true, ""no_broker_execution"": true}","{""evaluated_rows"": 965, ""from_date"": null, ""paper_buy_rows"": 124, ""row_count"": 2220, ""to_date"": null}","{""evaluated_rows"": 965, ""paper_buy_rows"": 124, ""summary"": [{""aligned_positive_count"": 0, ""avg_cost_adjusted_return"": -0.01674644204033717, ""avg_realized_return_all_rows"": -0.014246442040337171, ""baseline_avg_cost_adjusted_return"": -0.01795839787558142, ""baseline_trade_count"": 16, ""conflict_exit_count"": 1, ""cost_bps"": 25.0, ""evaluated_trades"": 20, ""forecast_horizon_days"": 5, ""median_cost_adjusted_return"": -0.023162087602747457, ""model_name"": ""timesfm_2p5_200m"", ""paper_decision"": ""PAPER_BUY"", ""row_count"": 20, ""win_rate"": 0.3}, {""aligned_positive_count"": 0, ""avg_cost_adjusted_return"": NaN, ""avg_realized_return_all_rows"": -0.008311319760859996, ""baseline_avg_cost_adjusted_return"": -0.011990080672181465, ""baseline_trade_count"": 349, ""conflict_exit_count"": 0, ""cost_bps"": 25.0, ""evaluated_trades"": 0, ""forecast_horizon_days"": 5, ""median_cost_adjusted_return"": NaN, ""model_name"": ""timesfm_2p5_200m"", ""paper_decision"": ""PAPER_SKIP"", ""row_count"": 461, ""win_rate"": NaN}, {""aligned_positive_count"": 0, ""avg_cost_adjusted_return"": 0.010557815137981543, ""avg_realized_return_all_rows"": 0.013057815137981543, ""baseline_avg_cost_adjusted_return"": -0.0013471005046006967, ""baseline_trade_count"": 8, ""conflict_exit_count"": 0, ""cost_bps"": 25.0, ""evaluated_trades"": 9, ""forecast_horizon_days"": 10, ""median_cost_adjusted_return"": -0.007816578057032451, ""model_name"": ""timesfm_2p5_200m"", ""paper_decision"": ""PAPER_BUY"", ""row_count"": 9, ""win_rate"": 0.4444444444444444}, {""aligned_positive_count"": 0, ""avg_cost_adjusted_return"": NaN, ""avg_realized_return_all_rows"": 0.006355361528263577, ""baseline_avg_cost_adjusted_return"": 0.0006301191315901416, ""baseline_trade_count"": 183, ""conflict_exit_count"": 0, ""cost_bps"": 25.0, ""evaluated_trades"": 0, ""forecast_horizon_days"": 10, ""median_cost_adjusted_return"": NaN, ""model_name"": ""timesfm_2p5_200m"", ""paper_decision"": ""PAPER_SKIP"", ""row_count"": 271, ""win_rate"": NaN}, {""aligned_positive_count"": 0, ""avg_cost_adjusted_return"": 0.02982089945848822, ""avg_realized_return_all_rows"": 0.03232089945848823, ""baseline_avg_cost_adjusted_return"": -0.04113580349995449, ""baseline_trade_count"": 2, ""conflict_exit_count"": 0, ""cost_bps"": 25.0, ""evaluated_trades"": 3, ""forecast_horizon_days"": 20, ""median_cost_adjusted_return"": -0.03845496033438528, ""model_name"": ""timesfm_2p5_200m"", ""paper_decision"": ""PAPER_BUY"", ""row_count"": 3, ""win_rate"": 0.3333333333333333}, {""aligned_positive_count"": 0, ""avg_cost_adjusted_return"": NaN, ""avg_realized_return_all_rows"": 0.010337333236213216, ""baseline_avg_cost_adjusted_return"": 0.0014921960493258731, ""baseline_trade_count"": 126, ""conflict_exit_count"": 0, ""cost_bps"": 25.0, ""evaluated_trades"": 0, ""forecast_horizon_days"": 20, ""median_cost_adjusted_return"": NaN, ""model_name"": ""timesfm_2p5_200m"", ""paper_decision"": ""PAPER_SKIP"", ""row_count"": 201, ""win_rate"": NaN}]}","{""authority"": ""research_only"", ""paper_table"": ""advisory_ts_forecast_paper_portfolio""}",,a925d68e905e8c86d76bb44bc617777361951fea,2026-07-20 16:05:01.674577+00:00,2026-07-20 16:05:05.845485+00:00,2026-07-20 16:05:05.845485+00:00
b4f10c84-cb51-44af-a992-a2f677794613,,ts_forecast_paper_portfolio,python -m advisory.ts_forecast_paper_portfolio,TS forecast paper portfolio,Evaluate forecast-only paper decisions against naive momentum and current advisory alignment before any policy integration.,,completed,28473d75048e5b3981c76c44cd14d3ad7c3b6cf37f7cf800961a4a5314cfaea6,"{""cost_bps"": 25.0, ""from_date"": null, ""min_forecast_return"": 0.0, ""min_probability_positive"": 0.58, ""min_signal_quality"": 0.35, ""model_names"": [""timesfm_2p5_200m""], ""symbols"": [], ""to_date"": null}","{""authority"": ""research_only"", ""comparison"": [""forecast_only"", ""naive_momentum"", ""current_advisory_action_alignment""], ""no_action_queue_write"": true, ""no_broker_execution"": true}","{""evaluated_rows"": 1110, ""from_date"": null, ""paper_buy_rows"": 135, ""row_count"": 2346, ""to_date"": null}","{""evaluated_rows"": 1110, ""paper_buy_rows"": 135, ""summary"": [{""aligned_positive_count"": 0, ""avg_cost_adjusted_return"": -0.014285448988067025, ""avg_realized_return_all_rows"": -0.011785448988067023, ""baseline_avg_cost_adjusted_return"": -0.01481585571889077, ""baseline_trade_count"": 18, ""conflict_exit_count"": 1, ""cost_bps"": 25.0, ""evaluated_trades"": 22, ""forecast_horizon_days"": 5, ""median_cost_adjusted_return"": -0.020931531934684607, ""model_name"": ""timesfm_2p5_200m"", ""paper_decision"": ""PAPER_BUY"", ""row_count"": 22, ""win_rate"": 0.36363636363636365}, {""aligned_positive_count"": 0, ""avg_cost_adjusted_return"": NaN, ""avg_realized_return_all_rows"": -0.00857437234078028, ""baseline_avg_cost_adjusted_return"": -0.012288021329236247, ""baseline_trade_count"": 385, ""conflict_exit_count"": 0, ""cost_bps"": 25.0, ""evaluated_trades"": 0, ""forecast_horizon_days"": 5, ""median_cost_adjusted_return"": NaN, ""model_name"": ""timesfm_2p5_200m"", ""paper_decision"": ""PAPER_SKIP"", ""row_count"": 499, ""win_rate"": NaN}, {""aligned_positive_count"": 0, ""avg_cost_adjusted_return"": 0.011000332365545769, ""avg_realized_return_all_rows"": 0.013500332365545771, ""baseline_avg_cost_adjusted_return"": 0.006121750196222267, ""baseline_trade_count"": 14, ""conflict_exit_count"": 0, ""cost_bps"": 25.0, ""evaluated_trades"": 16, ""forecast_horizon_days"": 10, ""median_cost_adjusted_return"": 0.000528007559705836, ""model_name"": ""timesfm_2p5_200m"", ""paper_decision"": ""PAPER_BUY"", ""row_count"": 16, ""win_rate"": 0.5}, {""aligned_positive_count"": 0, ""avg_cost_adjusted_return"": NaN, ""avg_realized_return_all_rows"": 0.0017908183174477753, ""baseline_avg_cost_adjusted_return"": -0.004331283856300947, ""baseline_trade_count"": 243, ""conflict_exit_count"": 0, ""cost_bps"": 25.0, ""evaluated_trades"": 0, ""forecast_horizon_days"": 10, ""median_cost_adjusted_return"": NaN, ""model_name"": ""timesfm_2p5_200m"", ""paper_decision"": ""PAPER_SKIP"", ""row_count"": 336, ""win_rate"": NaN}, {""aligned_positive_count"": 0, ""avg_cost_adjusted_return"": 0.005080993118593752, ""avg_realized_return_all_rows"": 0.007580993118593754, ""baseline_avg_cost_adjusted_return"": -0.05047011096699955, ""baseline_trade_count"": 3, ""conflict_exit_count"": 0, ""cost_bps"": 25.0, ""evaluated_trades"": 4, ""forecast_horizon_days"": 20, ""median_cost_adjusted_return"": -0.04113580349995449, ""model_name"": ""timesfm_2p5_200m"", ""paper_decision"": ""PAPER_BUY"", ""row_count"": 4, ""win_rate"": 0.25}, {""aligned_positive_count"": 0, ""avg_cost_adjusted_return"": NaN, ""avg_realized_return_all_rows"": 0.009143523291639758, ""baseline_avg_cost_adjusted_return"": -0.0013550363166142804, ""baseline_trade_count"": 151, ""conflict_exit_count"": 0, ""cost_bps"": 25.0, ""evaluated_trades"": 0, ""forecast_horizon_days"": 20, ""median_cost_adjusted_return"": NaN, ""model_name"": ""timesfm_2p5_200m"", ""paper_decision"": ""PAPER_SKIP"", ""row_count"": 233, ""win_rate"": NaN}]}","{""authority"": ""research_only"", ""paper_table"": ""advisory_ts_forecast_paper_portfolio""}",,6a6f16d8f02994f10ee92a28619490b9e1656834,2026-07-21 16:05:01.634415+00:00,2026-07-21 16:05:06.290520+00:00,2026-07-21 16:05:06.290520+00:00
573f2f21-7ff2-4586-9d69-da774c32158f,,ts_forecast_paper_portfolio,python -m advisory.ts_forecast_paper_portfolio,TS forecast paper portfolio,Evaluate forecast-only paper decisions against naive momentum and current advisory alignment before any policy integration.,,completed,28473d75048e5b3981c76c44cd14d3ad7c3b6cf37f7cf800961a4a5314cfaea6,"{""cost_bps"": 25.0, ""from_date"": null, ""min_forecast_return"": 0.0, ""min_probability_positive"": 0.58, ""min_signal_quality"": 0.35, ""model_names"": [""timesfm_2p5_200m""], ""symbols"": [], ""to_date"": null}","{""authority"": ""research_only"", ""comparison"": [""forecast_only"", ""naive_momentum"", ""current_advisory_action_alignment""], ""no_action_queue_write"": true, ""no_broker_execution"": true}","{""evaluated_rows"": 1189, ""from_date"": null, ""paper_buy_rows"": 146, ""row_count"": 2475, ""to_date"": null}","{""evaluated_rows"": 1189, ""paper_buy_rows"": 146, ""summary"": [{""aligned_positive_count"": 0, ""avg_cost_adjusted_return"": -0.014285448988067025, ""avg_realized_return_all_rows"": -0.011785448988067023, ""baseline_avg_cost_adjusted_return"": -0.01481585571889077, ""baseline_trade_count"": 18, ""conflict_exit_count"": 1, ""cost_bps"": 25.0, ""evaluated_trades"": 22, ""forecast_horizon_days"": 5, ""median_cost_adjusted_return"": -0.020931531934684607, ""model_name"": ""timesfm_2p5_200m"", ""paper_decision"": ""PAPER_BUY"", ""row_count"": 22, ""win_rate"": 0.36363636363636365}, {""aligned_positive_count"": 0, ""avg_cost_adjusted_return"": NaN, ""avg_realized_return_all_rows"": -0.008020209542318444, ""baseline_avg_cost_adjusted_return"": -0.011502900388038032, ""baseline_trade_count"": 412, ""conflict_exit_count"": 0, ""cost_bps"": 25.0, ""evaluated_trades"": 0, ""forecast_horizon_days"": 5, ""median_cost_adjusted_return"": NaN, ""model_name"": ""timesfm_2p5_200m"", ""paper_decision"": ""PAPER_SKIP"", ""row_count"": 537, ""win_rate"": NaN}, {""aligned_positive_count"": 0, ""avg_cost_adjusted_return"": 0.00902399999838819, ""avg_realized_return_all_rows"": 0.011523999998388192, ""baseline_avg_cost_adjusted_return"": 0.008776183167592613, ""baseline_trade_count"": 16, ""conflict_exit_count"": 0, ""cost_bps"": 25.0, ""evaluated_trades"": 19, ""forecast_horizon_days"": 10, ""median_cost_adjusted_return"": -0.007816578057032451, ""model_name"": ""timesfm_2p5_200m"", ""paper_decision"": ""PAPER_BUY"", ""row_count"": 19, ""win_rate"": 0.47368421052631576}, {""aligned_positive_count"": 0, ""avg_cost_adjusted_return"": NaN, ""avg_realized_return_all_rows"": 0.0021251003369145835, ""baseline_avg_cost_adjusted_return"": -0.003611830802892261, ""baseline_trade_count"": 272, ""conflict_exit_count"": 0, ""cost_bps"": 25.0, ""evaluated_trades"": 0, ""forecast_horizon_days"": 10, ""median_cost_adjusted_return"": NaN, ""model_name"": ""timesfm_2p5_200m"", ""paper_decision"": ""PAPER_SKIP"", ""row_count"": 369, ""win_rate"": NaN}, {""aligned_positive_count"": 0, ""avg_cost_adjusted_return"": 0.005080993118593752, ""avg_realized_return_all_rows"": 0.007580993118593754, ""baseline_avg_cost_adjusted_return"": -0.05047011096699955, ""baseline_trade_count"": 3, ""conflict_exit_count"": 0, ""cost_bps"": 25.0, ""evaluated_trades"": 4, ""forecast_horizon_days"": 20, ""median_cost_adjusted_return"": -0.04113580349995449, ""model_name"": ""timesfm_2p5_200m"", ""paper_decision"": ""PAPER_BUY"", ""row_count"": 4, ""win_rate"": 0.25}, {""aligned_positive_count"": 0, ""avg_cost_adjusted_return"": NaN, ""avg_realized_return_all_rows"": 0.007436289357038845, ""baseline_avg_cost_adjusted_return"": -0.0023852021912482125, ""baseline_trade_count"": 154, ""conflict_exit_count"": 0, ""cost_bps"": 25.0, ""evaluated_trades"": 0, ""forecast_horizon_days"": 20, ""median_cost_adjusted_return"": NaN, ""model_name"": ""timesfm_2p5_200m"", ""paper_decision"": ""PAPER_SKIP"", ""row_count"": 238, ""win_rate"": NaN}]}","{""authority"": ""research_only"", ""paper_table"": ""advisory_ts_forecast_paper_portfolio""}",,6a6f16d8f02994f10ee92a28619490b9e1656834,2026-07-22 16:05:01.681829+00:00,2026-07-22 16:05:05.825984+00:00,2026-07-22 16:05:05.825984+00:00
300b7150-8efb-44fa-877e-10c9bd1339ec,,ts_forecast_paper_portfolio,python -m advisory.ts_forecast_paper_portfolio,TS forecast paper portfolio,Evaluate forecast-only paper decisions against naive momentum and current advisory alignment before any policy integration.,,completed,28473d75048e5b3981c76c44cd14d3ad7c3b6cf37f7cf800961a4a5314cfaea6,"{""cost_bps"": 25.0, ""from_date"": null, ""min_forecast_return"": 0.0, ""min_probability_positive"": 0.58, ""min_signal_quality"": 0.35, ""model_names"": [""timesfm_2p5_200m""], ""symbols"": [], ""to_date"": null}","{""authority"": ""research_only"", ""comparison"": [""forecast_only"", ""naive_momentum"", ""current_advisory_action_alignment""], ""no_action_queue_write"": true, ""no_broker_execution"": true}","{""evaluated_rows"": 1225, ""from_date"": null, ""paper_buy_rows"": 157, ""row_count"": 2607, ""to_date"": null}","{""evaluated_rows"": 1225, ""paper_buy_rows"": 157, ""summary"": [{""aligned_positive_count"": 0, ""avg_cost_adjusted_return"": -0.014878491138700498, ""avg_realized_return_all_rows"": -0.012378491138700496, ""baseline_avg_cost_adjusted_return"": -0.013335836356141589, ""baseline_trade_count"": 19, ""conflict_exit_count"": 1, ""cost_bps"": 25.0, ""evaluated_trades"": 24, ""forecast_horizon_days"": 5, ""median_cost_adjusted_return"": -0.020931531934684607, ""model_name"": ""timesfm_2p5_200m"", ""paper_decision"": ""PAPER_BUY"", ""row_count"": 24, ""win_rate"": 0.375}, {""aligned_positive_count"": 0, ""avg_cost_adjusted_return"": NaN, ""avg_realized_return_all_rows"": -0.007736772864556584, ""baseline_avg_cost_adjusted_return"": -0.010805249758065601, ""baseline_trade_count"": 434, ""conflict_exit_count"": 0, ""cost_bps"": 25.0, ""evaluated_trades"": 0, ""forecast_horizon_days"": 5, ""median_cost_adjusted_return"": NaN, ""model_name"": ""timesfm_2p5_200m"", ""paper_decision"": ""PAPER_SKIP"", ""row_count"": 568, ""win_rate"": NaN}, {""aligned_positive_count"": 0, ""avg_cost_adjusted_return"": 0.00902399999838819, ""avg_realized_return_all_rows"": 0.011523999998388192, ""baseline_avg_cost_adjusted_return"": 0.008776183167592613, ""baseline_trade_count"": 16, ""conflict_exit_count"": 0, ""cost_bps"": 25.0, ""evaluated_trades"": 19, ""forecast_horizon_days"": 10, ""median_cost_adjusted_return"": -0.007816578057032451, ""model_name"": ""timesfm_2p5_200m"", ""paper_decision"": ""PAPER_BUY"", ""row_count"": 19, ""win_rate"": 0.47368421052631576}, {""aligned_positive_count"": 0, ""avg_cost_adjusted_return"": NaN, ""avg_realized_return_all_rows"": 0.0016228049381389934, ""baseline_avg_cost_adjusted_return"": -0.004255987511710802, ""baseline_trade_count"": 275, ""conflict_exit_count"": 0, ""cost_bps"": 25.0, ""evaluated_trades"": 0, ""forecast_horizon_days"": 10, ""median_cost_adjusted_return"": NaN, ""model_name"": ""timesfm_2p5_200m"", ""paper_decision"": ""PAPER_SKIP"", ""row_count"": 372, ""win_rate"": NaN}, {""aligned_positive_count"": 0, ""avg_cost_adjusted_return"": 0.005080993118593752, ""avg_realized_return_all_rows"": 0.007580993118593754, ""baseline_avg_cost_adjusted_return"": -0.05047011096699955, ""baseline_trade_count"": 3, ""conflict_exit_count"": 0, ""cost_bps"": 25.0, ""evaluated_trades"": 4, ""forecast_horizon_days"": 20, ""median_cost_adjusted_return"": -0.04113580349995449, ""model_name"": ""timesfm_2p5_200m"", ""paper_decision"": ""PAPER_BUY"", ""row_count"": 4, ""win_rate"": 0.25}, {""aligned_positive_count"": 0, ""avg_cost_adjusted_return"": NaN, ""avg_realized_return_all_rows"": 0.007436289357038845, ""baseline_avg_cost_adjusted_return"": -0.0023852021912482125, ""baseline_trade_count"": 154, ""conflict_exit_count"": 0, ""cost_bps"": 25.0, ""evaluated_trades"": 0, ""forecast_horizon_days"": 20, ""median_cost_adjusted_return"": NaN, ""model_name"": ""timesfm_2p5_200m"", ""paper_decision"": ""PAPER_SKIP"", ""row_count"": 238, ""win_rate"": NaN}]}","{""authority"": ""research_only"", ""paper_table"": ""advisory_ts_forecast_paper_portfolio""}",,474ec328d8225dc2f7e533f691df717e6c45c298,2026-07-23 16:05:01.612049+00:00,2026-07-23 16:05:06.257229+00:00,2026-07-23 16:05:06.257229+00:00
