run_date,factor,family,horizon_days,in_use,n_name_days,n_dates,mean_ic,ci_lo,ci_hi,ci_excludes_zero,fav_ic,unf_ic,wf_consistent,wf_signs,recent_ic,p_value,fdr_significant,drift_status,verdict,load_ts
2026-06-11 00:00:00+00:00,dist_52w_high,proximity,20,False,49511,51,0.085638,0.018605,0.154581,True,0.163428,-0.016903,True,+0.079 +0.169 +0.009,0.009025,0.05577,False,amber,benchmark_beta_not_alpha,2026-07-16 14:39:12.921729+00:00
2026-06-11 00:00:00+00:00,vcp_composite,composite,20,False,49511,51,0.073894,0.015934,0.133912,True,0.13342,-0.004572,False,+0.079 +0.156 -0.013,-0.013491,0.052421,False,red,benchmark_beta_not_alpha,2026-07-16 14:39:12.921769+00:00
2026-06-11 00:00:00+00:00,tight_close_upper_half_60d,structure,20,False,49511,51,0.061259,-0.010735,0.130066,False,0.124143,-0.021634,False,+0.025 +0.176 -0.018,-0.018057,0.166381,False,red,needs_more_data,2026-07-16 14:39:12.921765+00:00
2026-06-11 00:00:00+00:00,pullback_volume_dryup_ratio_20d,volume,20,False,49511,51,0.059796,0.028365,0.095796,True,0.090141,0.019795,False,+0.099 +0.085 -0.004,-0.003995,0.006079,False,red,benchmark_beta_not_alpha,2026-07-16 14:39:12.921760+00:00
2026-06-11 00:00:00+00:00,higher_high_count_20d,structure,20,False,49511,51,0.042792,0.008875,0.086316,True,0.071475,0.004983,True,+0.010 +0.106 +0.013,0.012784,0.116343,False,amber,benchmark_beta_not_alpha,2026-07-16 14:39:12.921749+00:00
2026-06-11 00:00:00+00:00,base_depth_60d_pct,structure,20,False,49511,51,0.040773,-0.013432,0.097037,False,0.100749,-0.038287,False,+0.085 +0.099 -0.061,-0.061286,0.25935,False,red,needs_more_data,2026-07-16 14:39:12.921745+00:00
2026-06-11 00:00:00+00:00,pivot_distance_60d_pct,structure,20,False,49511,51,0.03935,-0.015561,0.097878,False,0.096328,-0.035757,False,-0.010 +0.132 -0.004,-0.004422,0.30927,False,red,needs_more_data,2026-07-16 14:39:12.921747+00:00
2026-06-11 00:00:00+00:00,dist_50d_high,proximity,20,False,49511,51,0.039165,-0.011162,0.099476,False,0.097634,-0.037908,False,-0.001 +0.129 -0.010,-0.010191,0.302639,False,red,needs_more_data,2026-07-16 14:39:12.921727+00:00
2026-06-11 00:00:00+00:00,trend_persistence_120d,trend,20,False,49511,51,0.034965,0.000885,0.073716,True,0.056212,0.006959,True,+0.046 +0.051 +0.008,0.007887,0.184345,False,amber,benchmark_beta_not_alpha,2026-07-16 14:39:12.921734+00:00
2026-06-11 00:00:00+00:00,higher_low_count_20d,structure,20,False,49511,51,0.034849,0.006148,0.075964,True,0.061408,-0.000161,True,+0.006 +0.083 +0.016,0.016458,0.203595,False,amber,benchmark_beta_not_alpha,2026-07-16 14:39:12.921751+00:00
2026-06-11 00:00:00+00:00,dma_150_slope_20d_pct,trend,20,False,49511,51,0.032938,-0.013079,0.08074,False,0.058775,-0.001119,True,+0.040 +0.040 +0.019,0.018667,0.301425,False,green,needs_more_data,2026-07-16 14:39:12.921738+00:00
2026-06-11 00:00:00+00:00,dist_20d_high,proximity,20,False,49511,51,0.029746,-0.018454,0.08165,False,0.084833,-0.042868,False,+0.028 +0.103 -0.042,-0.041831,0.364757,False,red,needs_more_data,2026-07-16 14:39:12.921725+00:00
2026-06-11 00:00:00+00:00,rs_percentile,momentum,20,True,49511,51,0.02936,-0.025146,0.089509,False,0.069439,-0.023472,False,-0.034 +0.103 +0.019,0.019093,0.433709,False,green,needs_more_data,2026-07-16 14:39:12.921702+00:00
2026-06-11 00:00:00+00:00,dma_50_slope_20d_pct,trend,20,False,49511,51,0.028595,-0.028352,0.087554,False,0.053809,-0.004642,False,-0.064 +0.103 +0.047,0.046539,0.459652,False,green,needs_more_data,2026-07-16 14:39:12.921736+00:00
2026-06-11 00:00:00+00:00,trend_persistence_20d,trend,20,False,49511,51,0.026184,-0.012797,0.06654,False,0.054269,-0.010837,True,+0.015 +0.058 +0.005,0.00549,0.36458,False,amber,needs_more_data,2026-07-16 14:39:12.921730+00:00
2026-06-11 00:00:00+00:00,stock_ret_120d,momentum,20,False,49511,51,0.025783,-0.026764,0.077034,False,0.064332,-0.025031,True,+0.011 +0.065 +0.001,0.000608,0.476526,False,amber,needs_more_data,2026-07-16 14:39:12.921723+00:00
2026-06-11 00:00:00+00:00,trend_persistence_60d,trend,20,False,49511,51,0.023535,-0.018305,0.065138,False,0.051458,-0.013272,False,+0.035 +0.053 -0.018,-0.017615,0.409209,False,red,needs_more_data,2026-07-16 14:39:12.921732+00:00
2026-06-11 00:00:00+00:00,stock_ret_60d,momentum,20,False,49511,51,0.020045,-0.034082,0.076025,False,0.049233,-0.01843,False,-0.069 +0.099 +0.030,0.030443,0.58861,False,green,needs_more_data,2026-07-16 14:39:12.921721+00:00
2026-06-11 00:00:00+00:00,accumulation_days_20d,volume,20,False,49511,51,0.017649,-0.005295,0.049003,False,0.031287,-0.000327,True,+0.003 +0.048 +0.001,0.001184,0.390373,False,amber,needs_more_data,2026-07-16 14:39:12.921755+00:00
2026-06-11 00:00:00+00:00,rs_sector_neutral,momentum,20,False,49511,51,0.007232,-0.033681,0.049303,False,0.030185,-0.023025,False,-0.037 +0.042 +0.017,0.016919,0.791876,False,flat,needs_more_data,2026-07-16 14:39:12.921767+00:00
2026-06-11 00:00:00+00:00,support_hold_rate_20d,structure,20,False,49511,51,0.006772,-0.029436,0.040295,False,0.034502,-0.029781,False,+0.055 +0.029 -0.064,-0.064124,0.759109,False,flat,needs_more_data,2026-07-16 14:39:12.921762+00:00
2026-06-11 00:00:00+00:00,gap_frequency_60d,structure,20,False,49511,51,0.004985,-0.034914,0.040389,False,0.044271,-0.046802,False,+0.031 +0.048 -0.064,-0.063679,0.845488,False,flat,needs_more_data,2026-07-16 14:39:12.921764+00:00
2026-06-11 00:00:00+00:00,rs_vs_benchmark,momentum,20,False,49511,47,0.004575,-0.033713,0.040468,False,0.044802,-0.041138,False,-0.013 +0.065 -0.039,-0.038762,0.86997,False,flat,needs_more_data,2026-07-16 14:39:12.921715+00:00
2026-06-11 00:00:00+00:00,bb_width_rank_252d,volatility,20,False,49511,51,0.00215,-0.022618,0.022665,False,-0.007613,0.015019,False,+0.008 -0.027 +0.025,0.025471,0.902582,False,flat,needs_more_data,2026-07-16 14:39:12.921742+00:00
2026-06-11 00:00:00+00:00,close_location_pct,structure,20,False,49511,51,-0.000621,-0.015896,0.022046,False,0.004756,-0.007709,False,-0.001 +0.016 -0.016,-0.016047,0.972498,False,flat,needs_more_data,2026-07-16 14:39:12.921753+00:00
2026-06-11 00:00:00+00:00,atr_compression_pct,volatility,20,False,49511,51,-0.000708,-0.046923,0.03861,False,0.026741,-0.036891,False,-0.027 +0.044 -0.019,-0.019428,0.9798,False,flat,needs_more_data,2026-07-16 14:39:12.921740+00:00
2026-06-11 00:00:00+00:00,rs_vs_sector,momentum,20,False,49511,51,-0.022519,-0.05191,0.011416,False,0.00338,-0.056659,False,-0.053 +0.017 -0.032,-0.03189,0.321344,False,green,needs_more_data,2026-07-16 14:39:12.921718+00:00
2026-06-11 00:00:00+00:00,distribution_days_20d,volume,20,False,49511,51,-0.0294,-0.053143,-0.008028,True,-0.034099,-0.023206,False,-0.060 -0.038 +0.010,0.010012,0.072566,False,red,do_not_relax,2026-07-16 14:39:12.921757+00:00
2026-06-11 00:00:00+00:00,breakout_day_volume_vs_20d,volume,20,False,49511,44,-0.042393,-0.113918,0.008394,False,-0.088294,0.037933,False,-0.084 -0.074 +0.028,0.0283,0.505434,False,red,needs_more_data,2026-07-16 14:39:12.921758+00:00
2026-06-11 00:00:00+00:00,range_contraction_20d_pct,volatility,20,False,49511,51,-0.056735,-0.138057,0.023859,False,-0.137994,0.05038,False,-0.105 -0.166 +0.101,0.101319,0.22964,False,red,needs_more_data,2026-07-16 14:39:12.921744+00:00
2026-06-18 00:00:00+00:00,dist_52w_high,proximity,20,False,50709,52,0.08518,0.018253,0.152504,True,0.159947,-0.016775,True,+0.079 +0.169 +0.012,0.012449,0.045092,False,amber,benchmark_beta_not_alpha,2026-07-20 16:17:39.189742+00:00
2026-06-18 00:00:00+00:00,vcp_composite,composite,20,False,50709,52,0.07315,0.016568,0.130622,True,0.130003,-0.004377,False,+0.080 +0.156 -0.011,-0.011169,0.043404,False,red,benchmark_beta_not_alpha,2026-07-20 16:17:39.189783+00:00
2026-06-18 00:00:00+00:00,tight_close_upper_half_60d,structure,20,False,50709,52,0.061502,-0.007589,0.130402,False,0.122476,-0.021645,False,+0.026 +0.176 -0.013,-0.013219,0.144019,False,red,needs_more_data,2026-07-20 16:17:39.189779+00:00
2026-06-18 00:00:00+00:00,pullback_volume_dryup_ratio_20d,volume,20,False,50709,52,0.057699,0.026149,0.09151,True,0.085488,0.019806,False,+0.099 +0.085 -0.007,-0.007269,0.006767,False,red,benchmark_beta_not_alpha,2026-07-20 16:17:39.189774+00:00
2026-06-18 00:00:00+00:00,higher_high_count_20d,structure,20,False,50709,52,0.042417,0.008794,0.084741,True,0.069865,0.004989,True,+0.010 +0.106 +0.013,0.012858,0.10135,False,amber,benchmark_beta_not_alpha,2026-07-20 16:17:39.189762+00:00
2026-06-18 00:00:00+00:00,base_depth_60d_pct,structure,20,False,50709,52,0.040438,-0.01764,0.09053,False,0.098252,-0.0384,False,+0.085 +0.099 -0.057,-0.056854,0.240045,False,red,needs_more_data,2026-07-20 16:17:39.189758+00:00
2026-06-18 00:00:00+00:00,dist_50d_high,proximity,20,False,50709,52,0.039727,-0.011013,0.098339,False,0.096649,-0.037894,False,-0.001 +0.129 -0.006,-0.006364,0.271188,False,red,needs_more_data,2026-07-20 16:17:39.189740+00:00
2026-06-18 00:00:00+00:00,pivot_distance_60d_pct,structure,20,False,50709,52,0.039575,-0.010547,0.100056,False,0.094861,-0.035815,False,-0.009 +0.132 -0.002,-0.001795,0.281881,False,red,needs_more_data,2026-07-20 16:17:39.189760+00:00
2026-06-18 00:00:00+00:00,higher_low_count_20d,structure,20,False,50709,52,0.034986,0.006395,0.074059,True,0.06076,-0.000161,True,+0.006 +0.083 +0.018,0.017574,0.178953,False,green,benchmark_beta_not_alpha,2026-07-20 16:17:39.189765+00:00
2026-06-18 00:00:00+00:00,trend_persistence_120d,trend,20,False,50709,52,0.033749,-0.004903,0.072343,False,0.053273,0.007126,True,+0.046 +0.051 +0.006,0.00646,0.178806,False,amber,needs_more_data,2026-07-20 16:17:39.189748+00:00
2026-06-18 00:00:00+00:00,dma_150_slope_20d_pct,trend,20,False,50709,52,0.031635,-0.012301,0.078198,False,0.055659,-0.001126,True,+0.039 +0.040 +0.017,0.016712,0.296176,False,green,needs_more_data,2026-07-20 16:17:39.189751+00:00
2026-06-18 00:00:00+00:00,dist_20d_high,proximity,20,False,50709,52,0.030106,-0.019603,0.080935,False,0.083612,-0.042858,False,+0.029 +0.103 -0.037,-0.037092,0.334362,False,red,needs_more_data,2026-07-20 16:17:39.189738+00:00
2026-06-18 00:00:00+00:00,rs_percentile,momentum,20,True,50709,52,0.029012,-0.021622,0.086128,False,0.067541,-0.023528,False,-0.035 +0.104 +0.019,0.018903,0.416266,False,green,needs_more_data,2026-07-20 16:17:39.189718+00:00
2026-06-18 00:00:00+00:00,dma_50_slope_20d_pct,trend,20,False,50709,52,0.028601,-0.028012,0.09046,False,0.053076,-0.004773,False,-0.064 +0.103 +0.046,0.045904,0.437046,False,green,needs_more_data,2026-07-20 16:17:39.189749+00:00
2026-06-18 00:00:00+00:00,trend_persistence_20d,trend,20,False,50709,52,0.025254,-0.01752,0.066709,False,0.051662,-0.010756,True,+0.014 +0.058 +0.004,0.004344,0.357997,False,amber,needs_more_data,2026-07-20 16:17:39.189744+00:00
2026-06-18 00:00:00+00:00,stock_ret_120d,momentum,20,False,50709,52,0.024539,-0.029248,0.080448,False,0.060812,-0.024923,False,+0.011 +0.065 -0.001,-0.00137,0.477018,False,red,needs_more_data,2026-07-20 16:17:39.189737+00:00
2026-06-18 00:00:00+00:00,trend_persistence_60d,trend,20,False,50709,52,0.022115,-0.021536,0.061116,False,0.04801,-0.013198,False,+0.034 +0.053 -0.019,-0.018813,0.415869,False,red,needs_more_data,2026-07-20 16:17:39.189746+00:00
2026-06-18 00:00:00+00:00,stock_ret_60d,momentum,20,False,50709,52,0.02055,-0.034618,0.078891,False,0.049228,-0.018556,False,-0.069 +0.099 +0.032,0.031551,0.560457,False,green,needs_more_data,2026-07-20 16:17:39.189734+00:00
2026-06-18 00:00:00+00:00,accumulation_days_20d,volume,20,False,50709,52,0.01794,-0.004857,0.049849,False,0.031333,-0.000323,True,+0.004 +0.048 +0.003,0.002721,0.356616,False,amber,needs_more_data,2026-07-20 16:17:39.189768+00:00
2026-06-18 00:00:00+00:00,rs_sector_neutral,momentum,20,False,50709,52,0.007397,-0.033829,0.048545,False,0.029757,-0.023094,False,-0.038 +0.042 +0.017,0.017162,0.776715,False,flat,needs_more_data,2026-07-20 16:17:39.189781+00:00
2026-06-18 00:00:00+00:00,gap_frequency_60d,structure,20,False,50709,52,0.007053,-0.037047,0.039176,False,0.046602,-0.046878,False,+0.031 +0.048 -0.054,-0.054292,0.77491,False,flat,needs_more_data,2026-07-20 16:17:39.189777+00:00
2026-06-18 00:00:00+00:00,support_hold_rate_20d,structure,20,False,50709,52,0.005547,-0.030328,0.041177,False,0.031391,-0.029694,False,+0.055 +0.029 -0.064,-0.063881,0.793255,False,flat,needs_more_data,2026-07-20 16:17:39.189776+00:00
2026-06-18 00:00:00+00:00,rs_vs_benchmark,momentum,20,False,50709,48,0.005478,-0.03388,0.041608,False,0.044916,-0.04113,False,-0.006 +0.063 -0.041,-0.041295,0.836435,False,flat,needs_more_data,2026-07-20 16:17:39.189729+00:00
2026-06-18 00:00:00+00:00,bb_width_rank_252d,volatility,20,False,50709,52,0.001921,-0.02218,0.023638,False,-0.007643,0.014963,False,+0.008 -0.027 +0.023,0.023389,0.908291,False,flat,needs_more_data,2026-07-20 16:17:39.189755+00:00
2026-06-18 00:00:00+00:00,close_location_pct,structure,20,False,50709,52,-0.000116,-0.01654,0.021342,False,0.005445,-0.007697,False,-0.002 +0.016 -0.013,-0.013438,0.994635,False,flat,needs_more_data,2026-07-20 16:17:39.189766+00:00
2026-06-18 00:00:00+00:00,atr_compression_pct,volatility,20,False,50709,52,-0.000519,-0.044159,0.040074,False,0.025885,-0.036524,False,-0.027 +0.044 -0.018,-0.017511,0.984403,False,flat,needs_more_data,2026-07-20 16:17:39.189753+00:00
2026-06-18 00:00:00+00:00,rs_vs_sector,momentum,20,False,50709,52,-0.021948,-0.051446,0.010984,False,0.003599,-0.056786,False,-0.053 +0.017 -0.030,-0.029844,0.310126,False,green,needs_more_data,2026-07-20 16:17:39.189732+00:00
2026-06-18 00:00:00+00:00,distribution_days_20d,volume,20,False,50709,52,-0.027914,-0.051489,-0.008177,True,-0.031365,-0.023209,False,-0.060 -0.038 +0.012,0.012194,0.078805,False,red,do_not_relax,2026-07-20 16:17:39.189770+00:00
2026-06-18 00:00:00+00:00,breakout_day_volume_vs_20d,volume,20,False,50709,45,-0.043211,-0.113358,0.012083,False,-0.08798,0.037933,False,-0.083 -0.072 +0.025,0.024979,0.492449,False,red,needs_more_data,2026-07-20 16:17:39.189772+00:00
2026-06-18 00:00:00+00:00,range_contraction_20d_pct,volatility,20,False,50709,52,-0.055349,-0.130085,0.024776,False,-0.132879,0.050374,False,-0.106 -0.166 +0.097,0.096998,0.21921,False,red,needs_more_data,2026-07-20 16:17:39.189756+00:00
